name,ra,dec,image,thumb,typ,aufnahmejahr
Abell 2151 Herkuleshaufen,241.275,17.7166666666667,image/Abell2151 Herkuleshaufen.jpg,image/thumbs/thumb_Abell2151 Herkuleshaufen.jpg,Galaxienhaufen,2021
Barnard92,273.875,-18.21666667,image/Barnard92_beschriftet.jpg,image/thumbs/thumb_Barnard92_beschriftet.jpg,Dunkelnebel,2024
Abell 1656 Coma Haufen,194.95,27.9833333333333,image/Coma_Cluster_beschriftet.jpg,image/thumbs/thumb_Coma_Cluster_beschriftet.jpg,Galaxienhaufen,2024
IC1805/IC1848 Herz-/Seelennebel,38.175,61.45,image/Herz_u_Seele_TV.jpg,image/thumbs/thumb_Herz_u_Seele_TV.jpg,Nebel,2022
Sh2-157/NGC 7635 Hummerscheren-/Blasenebel,349.5491667,60.60666667,image/Hummer_Blase_beschriftet.jpg,image/thumbs/thumb_Hummer_Blase_beschriftet.jpg,Nebel,2021
IC1396 Elefantenrüsselnebel,324.75,57.49,image/IC 1396 Elefant NSG4.jpg,image/thumbs/thumb_IC 1396 Elefant NSG4.jpg,Nebel,2021
IC1274,272.52916667,-23.76166667,image/IC1274_beschriftet.jpg,image/thumbs/thumb_IC1274_beschriftet.jpg,Nebel,2022
IC1795 Fischkopfnebel,36.43125,62.10361111,image/IC1795 Fischkopfnebel RGBHO.jpg,image/thumbs/thumb_IC1795 Fischkopfnebel RGBHO.jpg,Nebel,2022
IC2169,97.75,10.1,image/IC2169_beschriftet.jpg,image/thumbs/thumb_IC2169_beschriftet.jpg,Nebel,2025
IC405 Flammensternnebel,79.35,34.38333333,image/IC405_beschriftet.jpg,image/thumbs/thumb_IC405_beschriftet.jpg,Nebel,2022
IC434/NGC2024 Pferdekopf-/Flammennebel,85.25375,-2.45389,image/IC434+NGC2024 Pferdekopf-u.Flammennebel.jpg,image/thumbs/thumb_IC434+NGC2024 Pferdekopf-u.Flammennebel.jpg,Nebel,2021
IC443 Quallennebel,94.51125,22.66,image/IC443_beschriftet.jpg,image/thumbs/thumb_IC443_beschriftet.jpg,Nebel,2024
IC4603/IC4604,246.5,-24.4,image/IC4603_4604_beschriftet.jpg,image/thumbs/thumb_IC4603_4604_beschriftet.jpg,Nebel,2022
IC5146 Kokonnebel,328.35,47.26666667,image/IC5146 Kokon-Nebel beschriftet.jpg,image/thumbs/thumb_IC5146 Kokon-Nebel beschriftet.jpg,Nebel,2024
IC59/IC63 Geisternebel,14.42666667,61.08327778,image/IC59+IC63_beschriftet.jpg,image/thumbs/thumb_IC59+IC63_beschriftet.jpg,Nebel,2022
LDN673,290.22666667,11.22,image/LDN673_neo_beschriftet.jpg,image/thumbs/thumb_LDN673_neo_beschriftet.jpg,Dunkelnebel,2023
IC1318 Schmetterlingsnebel,306.80458333,40.09833333,image/LDN889_beschriftet.jpg,image/thumbs/thumb_LDN889_beschriftet.jpg,Dunkelnebel,2023
M65/M66/NGC3628 Leo-Triplett,169.73315417,13.09221111,image/Leo_Triplet_beschriftet.jpg,image/thumbs/thumb_Leo_Triplet_beschriftet.jpg,Galaxie,2023
M101 Pinwheel Galaxie,210.80242917,54.34875,image/M101_beschriftet.jpg,image/thumbs/thumb_M101_beschriftet.jpg,Galaxie,2023
M106,184.74008333,47.30371944,image/M106_beschriftet.jpg,image/thumbs/thumb_M106_beschriftet.jpg,Galaxie,2023
M13 Herkules Kugelsternhaufen,250.423475,36.46131944,image/M13_beschriftet.jpg,image/thumbs/thumb_M13_beschriftet.jpg,Sternhaufen,2021
M15,322.49304167,12.167,image/M15.jpg,image/thumbs/thumb_M15.jpg,Sternhaufen,2021
M16 Adlernebel,274.7,-13.80666667,image/M16_Adlernebel_beschriftet.jpg,image/thumbs/thumb_M16_Adlernebel_beschriftet.jpg,Nebel,2022
M17 Omeganebel,275.19583333,-16.17166667,image/M17_beschriftet.jpg,image/thumbs/thumb_M17_beschriftet.jpg,Nebel,2022
M20 Trifidnebel,270.675,-22.97166667,image/M20 Trifidnebel.jpg,image/thumbs/thumb_M20 Trifidnebel.jpg,Nebel,2021
M22,279.09975,-23.90475,image/M22_beschriftet.jpg,image/thumbs/thumb_M22_beschriftet.jpg,Sternhaufen,2024
M27 Hantelnebel.jpg,299.90151337,22.72119788,image/M27_beschriftet BB_NB.jpg,image/thumbs/thumb_M27_beschriftet BB_NB.jpg,Nebel,2025
M31 Andromedagalaxie,10.68470833,41.26875,image/M31_mitLum_beschriftet.jpg,image/thumbs/thumb_M31_mitLum_beschriftet.jpg,Galaxie,2022
M33 Dreiecksgalaxie,23.4621,30.65994167,image/M33_beschriftet.jpg,image/thumbs/thumb_M33_beschriftet.jpg,Galaxie,2022
M34,40.52083333,42.76166667,image/M34_beschriftet.jpg,image/thumbs/thumb_M34_beschriftet.jpg,Sternhaufen,2023
M42 Orionnebel,83.82208333,-5.39111111,image/M42_neu_beschriftet.jpg,image/thumbs/thumb_M42_neu_beschriftet.jpg,Nebel,2021
M44 Bienenkorbhaufen,130.1,19.66666667,image/M44 Bienenkorb-Haufen.jpg,image/thumbs/thumb_M44 Bienenkorb-Haufen.jpg,Sternhaufen,2022
M45 Plejaden,56.75,24.11666667,image/M45 Plejaden neu.jpg,image/thumbs/thumb_M45 Plejaden neu.jpg,Sternhaufen,2021
M46/M47_beschriftet,115.44166667,-14.81,image/M46M47_beschriftet.jpg,image/thumbs/thumb_M46M47_beschriftet.jpg,Sternhaufen,2025
M4,245.89675,-26.52575,image/M4_beschriftet.jpg,image/thumbs/thumb_M4_beschriftet.jpg,Sternhaufen,2024
M50,105.69791667,-8.33777778,image/M50_beschriftet.jpg,image/thumbs/thumb_M50_beschriftet.jpg,Sternhaufen,2025
M51 Whirlpool-Galaxie,202.469575,47.19525833,image/M51_beschriftet.jpg,image/thumbs/thumb_M51_beschriftet.jpg,Galaxie,2023
M5,229.63841667,2.08102778,image/M5_beschriftet.jpg,image/thumbs/thumb_M5_beschriftet.jpg,Sternhaufen,2024
M61,185.47886465,4.47377454,image/M61_beschriftet.jpg,image/thumbs/thumb_M61_beschriftet.jpg,Galaxie,2025
M77/NGC1055 Cetus A,40.66987917,-0.01328889,image/M77_NGC1055_beschriftet.jpg,image/thumbs/thumb_M77_NGC1055_beschriftet.jpg,Galaxie,2023
M78 Caspernebel,86.69083333,0.07916667,image/M78_Casper_beschriftet.jpg,image/thumbs/thumb_M78_Casper_beschriftet.jpg,Nebel,2022
M81/M82 Bode-/Zigarrengalaxie,148.88822108,69.06529472,image/M81_M82 beschriftet.jpg,image/thumbs/thumb_M81_M82 beschriftet.jpg,Galaxie,2023
M83,204.25382917,-29.86576111,image/M83_beschriftet.jpg,image/thumbs/thumb_M83_beschriftet.jpg,Galaxie,2025
M88,187.99673333,14.42041111,image/M88_beschriftet.jpg,image/thumbs/thumb_M88_beschriftet.jpg,Galaxie,2025
M8 Lagunennebel,270.8,-24.38333333,image/M8_beschriftet.jpg,image/thumbs/thumb_M8_beschriftet.jpg,Nebel,2023
M97/M108 Eulennebel,168.69880209,55.0190237,image/M97_M108_beschriftet.jpg,image/thumbs/thumb_M97_M108_beschriftet.jpg,"Nebel,Galaxie",2024
M84/M86 Markarjansche Kette,186.9187625,13.07902222,image/Markajan Kette neu.jpg,image/thumbs/thumb_Markajan Kette neu.jpg,Galaxienhaufen,2022
NGC1499 Kaliforniennebel,60.825,36.42166667,image/NGC1499_HOO_beschriftet.jpg,image/thumbs/thumb_NGC1499_HOO_beschriftet.jpg,Nebel,2022
NGC2170 Engelsnebel,91.95,-6.385,image/NGC2170_beschriftet.jpg,image/thumbs/thumb_NGC2170_beschriftet.jpg,Nebel,2023
NGC2174 Affenkopfnebel,92.425,20.5,image/NGC2174_Affenkopfnebel_beschriftet.jpg,image/thumbs/thumb_NGC2174_Affenkopfnebel_beschriftet.jpg,Nebel,2022
NGC2238 Rosettennebel,97.625,5.05,image/NGC2238 Rosetten-Nebel Lextr.jpg,image/thumbs/thumb_NGC2238 Rosetten-Nebel Lextr.jpg,Nebel,2022
NGC2264/IC2169 Konusnebel (Mosaik),100.24166667,9.895,image/NGC2264_IC2169_Mosaik.jpg,image/thumbs/thumb_NGC2264_IC2169_Mosaik.jpg,Nebel,2025
NGC2359 Thors Helm,109.625,-13.22666667,image/NGC2359 Thors Helm beschriftet.jpg,image/thumbs/thumb_NGC2359 Thors Helm beschriftet.jpg,Nebel,2022
NGC2467 Totenkopfnebel,118.077,-26.428,image/NGC2467 Totenkopfnebel.jpg,image/thumbs/thumb_NGC2467 Totenkopfnebel.jpg,Nebel,2022
NGC253 Sculptorgalaxie,11.88805833,-25.2888,image/NGC253_beschriftet.jpg,image/thumbs/thumb_NGC253_beschriftet.jpg,Galaxie,2022
NGC281 Pacman-Nebel,13.10458333,56.565,image/NGC281_beschriftet.jpg,image/thumbs/thumb_NGC281_beschriftet.jpg,Nebel,2022
NGC2903,143.04212917,21.50083056,image/NGC2903_beschriftet.jpg,image/thumbs/thumb_NGC2903_beschriftet.jpg,Galaxie,2023
NGC3521 ,166.45236509,-0.03589671,image/NGC3521_beschriftet.jpg,image/thumbs/thumb_NGC3521_beschriftet.jpg,Galaxie,2025
NGC4038/NGC4039 Antennengalaxien,180.47084167,-18.86758889,image/NGC4038 NGC4039 Antennengalaxien_beschriftet.jpg,image/thumbs/thumb_NGC4038 NGC4039 Antennengalaxien_beschriftet.jpg,Galaxie,2023
NGC4631/NGC4656 Wal-/Hockeyschlägergalaxie,190.53337083,32.54151111,image/NGC4631_NGC4656_beschriftet.jpg,image/thumbs/thumb_NGC4631_NGC4656_beschriftet.jpg,Galaxie,2023
NGC6822 Barnards Galaxie,296.2341625,-14.79758056,image/NGC6822_beschriftet.jpg,image/thumbs/thumb_NGC6822_beschriftet.jpg,Galaxie,2024
NGC6888 Crescent-Nebel,303.02916667,38.355,image/NGC6888_final_beschriftet.jpg,image/thumbs/thumb_NGC6888_final_beschriftet.jpg,Nebel,2023
NGC6914,306.25,42.3,image/NGC6914_beschriftet.jpg,image/thumbs/thumb_NGC6914_beschriftet.jpg,Nebel,2024
NGC6946/NGC6939 Feuerwerkgalaxie,308.71805,60.15367778,image/NGC6946_NGC6939_beschriftet.jpg,image/thumbs/thumb_NGC6946_NGC6939_beschriftet.jpg,"Galaxie,Sternhaufen",2022
NGC7000/IC5070 Nordamerika-/Pelikannebel,314.69583333,44.33,image/NGC7000_IC5070_beschriftet.jpg,image/thumbs/thumb_NGC7000_IC5070_beschriftet.jpg,Nebel,2022
NGC7023 Irisnebel,315.40375,68.16333333,image/NGC7023_beschriftet.jpg,image/thumbs/thumb_NGC7023_beschriftet.jpg,Nebel,2021
NGC7293 Helixnebel,337.41060545,-20.83715169,image/NGC7293 Helixnebel.jpg,image/thumbs/thumb_NGC7293 Helixnebel.jpg,Nebel,2022
NGC7331/StephansQuintett,339.26709167,34.41591944,image/NGC7331+StephansQuintett.jpg,image/thumbs/thumb_NGC7331+StephansQuintett.jpg,Galaxie,2022
NGC7380 Wizard Nebel,341.8375,58.13166667,image/NGC7380_FINAL.jpg,image/thumbs/thumb_NGC7380_FINAL.jpg,Nebel,2022
NGC7635 Blasenebel,350.20125,61.20166667,image/NGC7635_beschriftet.jpg,image/thumbs/thumb_NGC7635_beschriftet.jpg,"Nebel,Sternhaufen",2022
NGC7822,0.28575,67.42138889,image/NGC7822_beschriftet.jpg,image/thumbs/thumb_NGC7822_beschriftet.jpg,Nebel,2022
NGC891 Silbersplitter-Galaxie,35.6371125,42.34831944,image/NGC891_beschriftet.jpg,image/thumbs/thumb_NGC891_beschriftet.jpg,Galaxie,2022
SH2-101 Tulpennebel,299.97916667,35.27666667,image/SH2_101_Tulpennebel.jpg,image/thumbs/thumb_SH2_101_Tulpennebel.jpg,Nebel,2022
Sh2-132 Löwennebel,334.78749815,56.07912137,image/Sh2_132_beschriftet.jpg,image/thumbs/thumb_Sh2_132_beschriftet.jpg,Nebel,2022
Sh2-171,1.167736,67.156754,image/Sh2_171_beschriftet.jpg,image/thumbs/thumb_Sh2_171_beschriftet.jpg,Nebel,2023
M8/M20 Lagunen-/Trifidnebel,271.5,-23.6,image/M8_M20_beschriftet.jpg,image/thumbs/thumb_M8_M20_beschriftet.jpg,Nebel,2025
Sh2-129 / Ou4 Fledermaus-/Tintenfischnebel,316.9,59.7,image/Sh2_129_Ou4_beschriftet.jpg,image/thumbs/thumb_Sh2_129_Ou4_beschriftet.jpg,Nebel,2025
IC1396_BBNB Elefantenrüsselnebel,324.9,57.5,image/IC1396_BBNB_beschriftet.jpg,image/thumbs/thumb_IC1396_BBNB_beschriftet.jpg,Nebel,2025
LDN1089_beschriftet.jpg,308.1,63.4,image/LDN1089_beschriftet.jpg,image/thumbs/thumb_LDN1089_beschriftet.jpg,Dunkelnebel,2025
Cirrusnebel,313.8,30.9,image/Cirrusnebel_beschriftet.jpg,image/thumbs/thumb_Cirrusnebel_beschriftet.jpg,Nebel,2022
